ID,Domain
3846,Resources
3847,Tools
3848,Techniques
3849,Techniques
3850,Tools
3851,Tools
3852,Techniques
3853,Tools
3854,Tools
3855,Resources
3856,Techniques
3857,Tools
3858,Other
3859,Tools
3860,Misc
3861,Career
3862,Tools
3863,Techniques
3864,Tools
3865,Techniques
3866,Career
3867,Other
3868,Techniques
3869,Tools
3870,Tools
3871,Techniques
3872,Tools
3873,Career
3874,Techniques
3875,Tools
3876,Techniques
3877,Tools
3878,Tools
3879,Techniques
3880,Techniques
3881,Techniques
3882,Tools
3883,Tools
3884,Techniques
3885,Techniques
3886,Techniques
3887,Tools
3888,Techniques
3889,Techniques
3890,Tools
3891,Techniques
3892,Techniques
3893,Hackathons
3894,Techniques
3895,Techniques
3896,Tools
3897,Tools
3898,Hackathons
3899,Career
3900,Tools
3901,Career
3902,Techniques
3903,Tools
3904,Career
3905,Tools
3906,Techniques
3907,Tools
3908,Techniques
3909,Techniques
3910,Techniques
3911,Tools
3912,Techniques
3913,Techniques
3914,Tools
3915,Tools
3916,Tools
3917,Tools
3918,Misc
3919,Tools
3920,Techniques
3921,Hackathons
3922,Hackathons
3923,Tools
3924,Tools
3925,Techniques
3926,Techniques
3927,Hackathons
3928,Tools
3929,Techniques
3930,Career
3931,Tools
3932,Techniques
3933,Techniques
3934,Other
3935,Hackathons
3936,Techniques
3937,Techniques
3938,Tools
3939,Tools
3940,Resources
3941,Techniques
3942,Techniques
3943,Career
3944,Tools
3945,Techniques
3946,Techniques
3947,Techniques
3948,Tools
3949,Techniques
3950,Techniques
3951,Tools
3952,Techniques
3953,Tools
3954,Hackathons
3955,Hackathons
3956,Techniques
3957,Techniques
3958,Techniques
3959,Tools
3960,Techniques
3961,Career
3962,Techniques
3963,Techniques
3964,Tools
3965,Tools
3966,Techniques
3967,Tools
3968,Techniques
3969,Techniques
3970,Career
3971,Tools
3972,Tools
3973,Resources
3974,Techniques
3975,Career
3976,Techniques
3977,Techniques
3978,Techniques
3979,Techniques
3980,Tools
3981,Techniques
3982,Tools
3983,Techniques
3984,Career
3985,Other
3986,Techniques
3987,Techniques
3988,Techniques
3989,Techniques
3990,Techniques
3991,Tools
3992,Hackathons
3993,Tools
3994,Techniques
3995,Techniques
3996,Resources
3997,Other
3998,Hackathons
3999,Tools
4000,Techniques
4001,Misc
4002,Tools
4003,Career
4004,Resources
4005,Techniques
4006,Tools
4007,Techniques
4008,Techniques
4009,Tools
4010,Techniques
4011,Other
4012,Career
4013,Techniques
4014,Resources
4015,Tools
4016,Techniques
4017,Career
4018,Tools
4019,Tools
4020,Techniques
4021,Tools
4022,Techniques
4023,Techniques
4024,Techniques
4025,Techniques
4026,Career
4027,Misc
4028,Techniques
4029,Hackathons
4030,Techniques
4031,Techniques
4032,Misc
4033,Tools
4034,Techniques
4035,Techniques
4036,Techniques
4037,Techniques
4038,Other
4039,Techniques
4040,Tools
4041,Techniques
4042,Tools
4043,Career
4044,Tools
4045,Resources
4046,Tools
4047,Techniques
4048,Tools
4049,Techniques
4050,Techniques
4051,Tools
4052,Techniques
4053,Career
4054,Techniques
4055,Tools
4056,Hackathons
4057,Techniques
4058,Tools
4059,Career
4060,Resources
4061,Resources
4062,Tools
4063,Tools
4064,Techniques
4065,Techniques
4066,Hackathons
4067,Tools
4068,Techniques
4069,Career
4070,Tools
4071,Techniques
4072,Techniques
4073,Tools
4074,Tools
4075,Techniques
4076,Tools
4077,Tools
4078,Tools
4079,Techniques
4080,Techniques
4081,Career
4082,Tools
4083,Tools
4084,Career
4085,Techniques
4086,Techniques
4087,Tools
4088,Resources
4089,Techniques
4090,Techniques
4091,Resources
4092,Resources
4093,Tools
4094,Tools
4095,Tools
4096,Career
4097,Tools
4098,Tools
4099,Resources
4100,Career
4101,Resources
4102,Resources
4103,Techniques
4104,Career
4105,Resources
4106,Tools
4107,Career
4108,Tools
4109,Techniques
4110,Misc
4111,Career
4112,Techniques
4113,Techniques
4114,Resources
4115,Techniques
4116,Techniques
4117,Tools
4118,Tools
4119,Tools
4120,Hackathons
4121,Tools
4122,Techniques
4123,Career
4124,Techniques
4125,Tools
4126,Career
4127,Tools
4128,Tools
4129,Career
4130,Techniques
4131,Resources
4132,Techniques
4133,Career
4134,Techniques
4135,Career
4136,Career
4137,Career
4138,Resources
4139,Tools
4140,Tools
4141,Resources
4142,Techniques
4143,Techniques
4144,Misc
4145,Techniques
4146,Techniques
4147,Hackathons
4148,Tools
4149,Techniques
4150,Techniques
4151,Techniques
4152,Tools
4153,Hackathons
4154,Tools
4155,Techniques
4156,Techniques
4157,Techniques
4158,Techniques
4159,Resources
4160,Tools
4161,Tools
4162,Tools
4163,Techniques
4164,Techniques
4165,Tools
4166,Techniques
4167,Hackathons
4168,Resources
4169,Techniques
4170,Techniques
4171,Career
4172,Tools
4173,Tools
4174,Tools
4175,Techniques
4176,Techniques
4177,Tools
4178,Tools
4179,Hackathons
4180,Techniques
4181,Techniques
4182,Tools
4183,Tools
4184,Career
4185,Other
4186,Techniques
4187,Hackathons
4188,Tools
4189,Techniques
4190,Techniques
4191,Other
4192,Techniques
4193,Techniques
4194,Techniques
4195,Hackathons
4196,Misc
4197,Techniques
4198,Techniques
4199,Tools
4200,Other
4201,Hackathons
4202,Hackathons
4203,Techniques
4204,Techniques
4205,Hackathons
4206,Resources
4207,Tools
4208,Hackathons
4209,Tools
4210,Resources
4211,Tools
4212,Hackathons
4213,Techniques
4214,Techniques
4215,Resources
4216,Tools
4217,Tools
4218,Tools
4219,Career
4220,Tools
4221,Tools
4222,Tools
4223,Techniques
4224,Techniques
4225,Resources
4226,Tools
4227,Techniques
4228,Career
4229,Techniques
4230,Other
4231,Tools
4232,Tools
4233,Other
4234,Techniques
4235,Tools
4236,Tools
4237,Techniques
4238,Techniques
4239,Techniques
4240,Hackathons
4241,Techniques
4242,Resources
4243,Career
4244,Resources
4245,Tools
4246,Techniques
4247,Techniques
4248,Career
4249,Hackathons
4250,Tools
4251,Techniques
4252,Techniques
4253,Techniques
4254,Techniques
4255,Tools
4256,Career
4257,Hackathons
4258,Resources
4259,Techniques
4260,Techniques
4261,Techniques
4262,Career
4263,Tools
4264,Career
4265,Techniques
4266,Techniques
4267,Techniques
4268,Career
4269,Tools
4270,Tools
4271,Techniques
4272,Techniques
4273,Hackathons
4274,Techniques
4275,Other
4276,Tools
4277,Misc
4278,Resources
4279,Resources
4280,Hackathons
4281,Career
4282,Techniques
4283,Hackathons
4284,Resources
4285,Resources
4286,Other
4287,Techniques
4288,Techniques
4289,Tools
4290,Other
4291,Techniques
4292,Techniques
4293,Resources
4294,Techniques
4295,Techniques
4296,Career
4297,Career
4298,Tools
4299,Resources
4300,Tools
4301,Tools
4302,Techniques
4303,Tools
4304,Techniques
4305,Techniques
4306,Resources
4307,Tools
4308,Techniques
4309,Tools
4310,Hackathons
4311,Other
4312,Techniques
4313,Techniques
4314,Techniques
4315,Hackathons
4316,Career
4317,Techniques
4318,Hackathons
4319,Tools
4320,Hackathons
4321,Career
4322,Techniques
4323,Tools
4324,Tools
4325,Tools
4326,Techniques
4327,Techniques
4328,Techniques
4329,Tools
4330,Tools
4331,Other
4332,Hackathons
4333,Career
4334,Career
4335,Tools
4336,Tools
4337,Tools
4338,Tools
4339,Career
4340,Techniques
4341,Tools
4342,Techniques
4343,Techniques
4344,Hackathons
4345,Tools
4346,Tools
4347,Techniques
4348,Tools
4349,Tools
4350,Techniques
4351,Techniques
4352,Career
4353,Career
4354,Tools
4355,Techniques
4356,Techniques
4357,Resources
4358,Techniques
4359,Techniques
4360,Techniques
4361,Tools
4362,Hackathons
4363,Techniques
4364,Techniques
4365,Techniques
4366,Career
4367,Hackathons
4368,Career
4369,Techniques
4370,Tools
4371,Techniques
4372,Techniques
4373,Tools
4374,Career
4375,Hackathons
4376,Tools
4377,Techniques
4378,Career
4379,Tools
4380,Techniques
4381,Hackathons
4382,Career
4383,Tools
4384,Tools
4385,Techniques
4386,Career
4387,Resources
4388,Techniques
4389,Tools
4390,Career
4391,Career
4392,Techniques
4393,Tools
4394,Techniques
4395,Techniques
4396,Tools
4397,Hackathons
4398,Tools
4399,Tools
4400,Hackathons
4401,Tools
4402,Tools
4403,Techniques
4404,Other
4405,Tools
4406,Resources
4407,Resources
4408,Techniques
4409,Techniques
4410,Tools
4411,Career
4412,Techniques
4413,Tools
4414,Hackathons
4415,Resources
4416,Techniques
4417,Career
4418,Tools
4419,Tools
4420,Techniques
4421,Hackathons
4422,Hackathons
4423,Tools
4424,Tools
4425,Career
4426,Career
4427,Career
4428,Techniques
4429,Techniques
4430,Career
4431,Techniques
4432,Tools
4433,Techniques
4434,Resources
4435,Tools
4436,Hackathons
4437,Tools
4438,Tools
4439,Techniques
4440,Techniques
4441,Tools
4442,Career
4443,Tools
4444,Career
4445,Tools
4446,Techniques
4447,Techniques
4448,Techniques
4449,Techniques
4450,Techniques
4451,Career
4452,Career
4453,Techniques
4454,Resources
4455,Hackathons
4456,Tools
4457,Career
4458,Tools
4459,Techniques
4460,Misc
4461,Resources
4462,Career
4463,Tools
4464,Techniques
4465,Techniques
4466,Tools
4467,Resources
4468,Tools
4469,Techniques
4470,Techniques
4471,Tools
4472,Tools
4473,Career
4474,Hackathons
4475,Techniques
4476,Tools
4477,Techniques
4478,Tools
4479,Resources
4480,Techniques
4481,Hackathons
4482,Hackathons
4483,Hackathons
4484,Tools
4485,Techniques
4486,Hackathons
4487,Tools
4488,Techniques
4489,Career
4490,Other
4491,Techniques
4492,Techniques
4493,Techniques
4494,Tools
4495,Career
4496,Techniques
4497,Tools
4498,Tools
4499,Techniques
4500,Techniques
4501,Career
4502,Career
4503,Tools
4504,Career
4505,Techniques
4506,Techniques
4507,Tools
4508,Career
4509,Techniques
4510,Tools
4511,Techniques
4512,Tools
4513,Career
4514,Techniques
4515,Techniques
4516,Techniques
4517,Tools
4518,Tools
4519,Hackathons
4520,Techniques
4521,Techniques
4522,Career
4523,Career
4524,Techniques
4525,Career
4526,Career
4527,Techniques
4528,Tools
4529,Techniques
4530,Hackathons
4531,Techniques
4532,Techniques
4533,Techniques
4534,Techniques
4535,Techniques
4536,Tools
4537,Resources
4538,Tools
4539,Career
4540,Tools
4541,Techniques
4542,Tools
4543,Techniques
4544,Hackathons
4545,Hackathons
4546,Career
4547,Techniques
4548,Techniques
4549,Tools
4550,Techniques
4551,Other
4552,Resources
4553,Career
4554,Tools
4555,Techniques
4556,Career
4557,Techniques
4558,Tools
4559,Career
4560,Techniques
4561,Tools
4562,Career
4563,Tools
4564,Tools
4565,Tools
4566,Techniques
4567,Career
4568,Techniques
4569,Techniques
4570,Techniques
4571,Tools
4572,Techniques
4573,Techniques
4574,Career
4575,Hackathons
4576,Career
4577,Hackathons
4578,Techniques
4579,Techniques
4580,Career
4581,Tools
4582,Techniques
4583,Techniques
4584,Career
4585,Hackathons
4586,Techniques
4587,Tools
4588,Career
4589,Misc
4590,Career
4591,Hackathons
4592,Career
4593,Techniques
4594,Tools
4595,Techniques
4596,Other
4597,Techniques
4598,Hackathons
4599,Techniques
4600,Techniques
4601,Tools
4602,Techniques
4603,Career
4604,Techniques
4605,Hackathons
4606,Career
4607,Techniques
4608,Career
4609,Hackathons
4610,Techniques
4611,Techniques
4612,Tools
4613,Techniques
4614,Techniques
4615,Other
4616,Techniques
4617,Tools
4618,Techniques
4619,Career
4620,Career
4621,Tools
4622,Tools
4623,Techniques
4624,Hackathons
4625,Techniques
4626,Techniques
4627,Techniques
4628,Resources
4629,Techniques
4630,Techniques
4631,Tools
4632,Tools
4633,Tools
4634,Career
4635,Techniques
4636,Tools
4637,Hackathons
4638,Hackathons
4639,Career
4640,Career
4641,Techniques
4642,Resources
4643,Tools
4644,Hackathons
4645,Techniques
4646,Techniques
4647,Career
4648,Tools
4649,Other
4650,Hackathons
4651,Techniques
4652,Techniques
4653,Techniques
4654,Tools
4655,Techniques
4656,Techniques
4657,Techniques
4658,Techniques
4659,Techniques
4660,Tools
4661,Techniques
4662,Techniques
4663,Hackathons
4664,Techniques
4665,Career
4666,Techniques
4667,Other
4668,Career
4669,Techniques
4670,Tools
4671,Resources
4672,Techniques
4673,Hackathons
4674,Resources
4675,Techniques
4676,Hackathons
4677,Hackathons
4678,Misc
4679,Techniques
4680,Techniques
4681,Career
4682,Hackathons
4683,Techniques
4684,Techniques
4685,Career
4686,Tools
4687,Tools
4688,Techniques
4689,Techniques
4690,Career
4691,Hackathons
4692,Tools
4693,Techniques
4694,Techniques
4695,Tools
4696,Tools
4697,Hackathons
4698,Techniques
4699,Techniques
4700,Tools
4701,Techniques
4702,Resources
4703,Resources
4704,Career
4705,Career
4706,Career
4707,Career
4708,Career
4709,Career
4710,Other
4711,Hackathons
4712,Techniques
4713,Techniques
4714,Tools
4715,Techniques
4716,Tools
4717,Techniques
4718,Tools
4719,Tools
4720,Techniques
4721,Career
4722,Techniques
4723,Career
4724,Techniques
4725,Career
4726,Resources
4727,Techniques
4728,Techniques
4729,Techniques
4730,Tools
4731,Techniques
4732,Techniques
4733,Techniques
4734,Techniques
4735,Techniques
4736,Techniques
4737,Techniques
4738,Techniques
4739,Hackathons
4740,Career
4741,Techniques
4742,Techniques
4743,Tools
4744,Techniques
4745,Techniques
4746,Hackathons
4747,Career
4748,Techniques
4749,Techniques
4750,Techniques
4751,Tools
4752,Career
4753,Career
4754,Resources
4755,Techniques
4756,Hackathons
4757,Hackathons
4758,Tools
4759,Techniques
4760,Tools
4761,Tools
4762,Techniques
4763,Techniques
4764,Techniques
4765,Techniques
4766,Techniques
4767,Tools
4768,Tools
4769,Hackathons
4770,Resources
4771,Hackathons
4772,Techniques
4773,Tools
4774,Techniques
4775,Techniques
4776,Career
4777,Tools
4778,Resources
4779,Techniques
4780,Tools
4781,Career
4782,Techniques
4783,Techniques
4784,Techniques
4785,Tools
4786,Resources
4787,Techniques
4788,Techniques
4789,Techniques
4790,Techniques
4791,Resources
4792,Techniques
4793,Techniques
4794,Tools
4795,Other
4796,Hackathons
4797,Techniques
4798,Techniques
4799,Techniques
4800,Techniques
4801,Career
4802,Techniques
4803,Techniques
4804,Hackathons
4805,Techniques
4806,Techniques
4807,Techniques
4808,Other
4809,Techniques
4810,Tools
4811,Techniques
4812,Techniques
4813,Career
4814,Other
4815,Techniques
4816,Tools
4817,Tools
4818,Tools
4819,Techniques
4820,Techniques
4821,Techniques
4822,Career
4823,Techniques
4824,Career
4825,Techniques
4826,Techniques
4827,Techniques
4828,Tools
4829,Techniques
4830,Techniques
4831,Tools
4832,Tools
4833,Techniques
4834,Tools
4835,Tools
4836,Techniques
4837,Tools
4838,Techniques
4839,Tools
4840,Techniques
4841,Resources
4842,Techniques
4843,Techniques
4844,Techniques
4845,Tools
4846,Misc
4847,Techniques
4848,Career
4849,Tools
4850,Techniques
4851,Career
4852,Techniques
4853,Techniques
4854,Resources
4855,Tools
4856,Techniques
4857,Tools
4858,Tools
4859,Techniques
4860,Techniques
4861,Techniques
4862,Career
4863,Resources
4864,Techniques
4865,Tools
4866,Tools
4867,Career
4868,Hackathons
4869,Tools
4870,Misc
4871,Techniques
4872,Techniques
4873,Techniques
4874,Tools
4875,Tools
4876,Tools
4877,Career
4878,Techniques
4879,Resources
4880,Tools
4881,Career
4882,Hackathons
4883,Hackathons
4884,Career
4885,Techniques
4886,Career
4887,Tools
4888,Techniques
4889,Career
4890,Techniques
4891,Techniques
4892,Hackathons
4893,Misc
4894,Techniques
4895,Career
4896,Tools
4897,Career
4898,Techniques
4899,Hackathons
4900,Career
4901,Career
4902,Resources
4903,Tools
4904,Techniques
4905,Techniques
4906,Career
4907,Hackathons
4908,Tools
4909,Techniques
4910,Techniques
4911,Hackathons
4912,Techniques
4913,Techniques
4914,Techniques
4915,Career
4916,Tools
4917,Tools
4918,Techniques
4919,Techniques
4920,Tools
4921,Hackathons
4922,Career
4923,Techniques
4924,Tools
4925,Techniques
4926,Techniques
4927,Techniques
4928,Techniques
4929,Career
4930,Techniques
4931,Tools
4932,Hackathons
4933,Techniques
4934,Resources
4935,Tools
4936,Techniques
4937,Techniques
4938,Career
4939,Techniques
4940,Career
4941,Techniques
4942,Tools
4943,Techniques
4944,Techniques
4945,Tools
4946,Other
4947,Hackathons
4948,Misc
4949,Tools
4950,Techniques
4951,Techniques
4952,Tools
4953,Hackathons
4954,Techniques
4955,Techniques
4956,Techniques
4957,Tools
4958,Techniques
4959,Techniques
4960,Hackathons
4961,Hackathons
4962,Techniques
4963,Hackathons
4964,Techniques
4965,Tools
4966,Hackathons
4967,Other
4968,Techniques
4969,Tools
4970,Techniques
4971,Techniques
4972,Tools
4973,Techniques
4974,Hackathons
4975,Techniques
4976,Techniques
4977,Techniques
4978,Hackathons
4979,Career
4980,Other
4981,Tools
4982,Career
4983,Tools
4984,Techniques
4985,Tools
4986,Techniques
4987,Techniques
4988,Career
4989,Tools
4990,Tools
4991,Techniques
4992,Hackathons
4993,Techniques
4994,Tools
4995,Tools
4996,Career
4997,Resources
4998,Hackathons
4999,Tools
5000,Techniques
5001,Career
5002,Tools
5003,Tools
5004,Techniques
5005,Techniques
5006,Hackathons
5007,Tools
5008,Techniques
5009,Techniques
5010,Techniques
5011,Techniques
5012,Tools
5013,Techniques
5014,Techniques
5015,Techniques
5016,Tools
5017,Resources
5018,Tools
5019,Tools
5020,Techniques
5021,Other
5022,Career
5023,Hackathons
5024,Tools
5025,Techniques
5026,Tools
5027,Hackathons
5028,Techniques
5029,Tools
5030,Hackathons
5031,Tools
5032,Techniques
5033,Career
5034,Techniques
5035,Tools
5036,Tools
5037,Techniques
5038,Tools
5039,Tools
5040,Tools
5041,Tools
5042,Techniques
5043,Techniques
5044,Tools
5045,Techniques
5046,Tools
5047,Techniques
5048,Tools
5049,Techniques
5050,Tools
5051,Techniques
5052,Techniques
5053,Techniques
5054,Techniques
5055,Tools
5056,Techniques
5057,Techniques
5058,Tools
5059,Tools
5060,Tools
5061,Techniques
5062,Techniques
5063,Techniques
5064,Techniques
5065,Tools
5066,Techniques
5067,Tools
5068,Career
5069,Resources
5070,Techniques
5071,Techniques
5072,Techniques
5073,Tools
5074,Techniques
5075,Techniques
5076,Techniques
5077,Techniques
5078,Techniques
5079,Career
5080,Tools
5081,Hackathons
5082,Techniques
5083,Tools
5084,Career
5085,Tools
5086,Tools
5087,Resources
5088,Techniques
5089,Tools
5090,Other
5091,Career
5092,Techniques
5093,Techniques
5094,Techniques
5095,Techniques
5096,Hackathons
5097,Resources
5098,Career
5099,Tools
5100,Tools
5101,Hackathons
5102,Tools
5103,Techniques
5104,Tools
5105,Tools
5106,Career
5107,Resources
5108,Tools
5109,Tools
5110,Techniques
5111,Career
5112,Techniques
5113,Tools
5114,Techniques
5115,Tools
5116,Tools
5117,Career
5118,Career
5119,Techniques
5120,Resources
5121,Hackathons
5122,Techniques
5123,Career
5124,Misc
5125,Tools
5126,Techniques
5127,Techniques
5128,Techniques
5129,Techniques
5130,Techniques
5131,Techniques
5132,Techniques
5133,Tools
5134,Techniques
5135,Techniques
5136,Tools
5137,Tools
5138,Techniques
5139,Techniques
5140,Career
5141,Techniques
5142,Resources
5143,Career
5144,Techniques
5145,Techniques
5146,Career
5147,Techniques
5148,Resources
5149,Career
5150,Tools
5151,Techniques
5152,Techniques
5153,Career
5154,Other
5155,Techniques
5156,Tools
5157,Hackathons
5158,Resources
5159,Techniques
5160,Tools
5161,Career
5162,Tools
5163,Tools
5164,Techniques
5165,Techniques
5166,Techniques
5167,Techniques
5168,Techniques
5169,Hackathons
5170,Tools
5171,Techniques
5172,Techniques
5173,Tools
5174,Techniques
5175,Career
5176,Techniques
5177,Techniques
5178,Tools
5179,Tools
5180,Techniques
5181,Career
5182,Techniques
5183,Techniques
5184,Other
5185,Techniques
5186,Resources
5187,Techniques
5188,Tools
5189,Tools
5190,Techniques
5191,Tools
5192,Tools
5193,Other
5194,Tools
5195,Techniques
5196,Resources
5197,Hackathons
5198,Techniques
5199,Techniques
5200,Tools
5201,Hackathons
5202,Tools
5203,Techniques
5204,Resources
5205,Techniques
5206,Tools
5207,Tools
5208,Techniques
5209,Resources
5210,Techniques
5211,Misc
5212,Tools
5213,Techniques
5214,Resources
5215,Resources
5216,Techniques
5217,Tools
5218,Techniques
5219,Career
5220,Techniques
5221,Techniques
5222,Tools
5223,Techniques
5224,Techniques
5225,Career
5226,Resources
5227,Techniques
5228,Resources
5229,Other
5230,Techniques
5231,Hackathons
5232,Techniques
5233,Career
5234,Tools
5235,Techniques
5236,Techniques
5237,Tools
5238,Career
5239,Techniques
5240,Tools
5241,Techniques
5242,Tools
5243,Tools
5244,Career
5245,Hackathons
5246,Techniques
5247,Techniques
5248,Techniques
5249,Resources
5250,Tools
5251,Techniques
5252,Techniques
5253,Techniques
5254,Techniques
5255,Other
5256,Career
5257,Techniques
5258,Hackathons
5259,Tools
5260,Tools
5261,Techniques
5262,Techniques
5263,Tools
5264,Techniques
5265,Tools
5266,Tools
5267,Techniques
5268,Tools
5269,Career
5270,Tools
5271,Techniques
5272,Tools
5273,Career
5274,Career
5275,Techniques
5276,Techniques
5277,Resources
5278,Career
5279,Hackathons
5280,Techniques
5281,Hackathons
5282,Tools
5283,Tools
5284,Career
5285,Tools
5286,Tools
5287,Resources
5288,Resources
5289,Tools
5290,Tools
5291,Techniques
5292,Techniques
5293,Techniques
5294,Tools
5295,Resources
5296,Techniques
5297,Techniques
5298,Tools
5299,Resources
5300,Hackathons
5301,Career
5302,Techniques
5303,Techniques
5304,Career
5305,Tools
5306,Techniques
5307,Techniques
5308,Tools
5309,Resources
5310,Techniques
5311,Tools
5312,Techniques
5313,Resources
5314,Other
5315,Hackathons
5316,Career
5317,Hackathons
5318,Career
5319,Tools
5320,Resources
5321,Hackathons
5322,Tools
5323,Techniques
5324,Tools
5325,Career
5326,Techniques
5327,Techniques
5328,Career
5329,Career
5330,Misc
5331,Techniques
5332,Tools
5333,Resources
5334,Career
5335,Techniques
5336,Tools
5337,Techniques
5338,Tools
5339,Tools
5340,Hackathons
5341,Resources
5342,Career
5343,Resources
5344,Techniques
5345,Tools
5346,Techniques
5347,Tools
5348,Hackathons
5349,Techniques
5350,Techniques
5351,Techniques
5352,Techniques
5353,Career
5354,Career
5355,Techniques
5356,Tools
5357,Techniques
5358,Hackathons
5359,Tools
5360,Tools
5361,Tools
5362,Tools
5363,Tools
5364,Career
5365,Career
5366,Techniques
5367,Resources
5368,Tools
5369,Techniques
5370,Tools
5371,Tools
5372,Hackathons
5373,Tools
5374,Resources
5375,Career
5376,Career
5377,Techniques
5378,Career
5379,Tools
5380,Techniques
5381,Hackathons
5382,Career
5383,Career
5384,Techniques
5385,Techniques
5386,Resources
5387,Techniques
5388,Career
5389,Resources
5390,Techniques
5391,Techniques
5392,Career
5393,Techniques
5394,Tools
5395,Techniques
5396,Resources
5397,Career
5398,Tools
5399,Techniques
5400,Tools
5401,Other
5402,Tools
5403,Techniques
5404,Tools
5405,Techniques
5406,Techniques
5407,Career
5408,Techniques
5409,Tools
5410,Resources
5411,Tools
5412,Techniques
5413,Career
5414,Career
5415,Techniques
5416,Career
5417,Hackathons
5418,Resources
5419,Techniques
5420,Career
5421,Career
5422,Misc
5423,Tools
5424,Tools
5425,Techniques
5426,Techniques
5427,Career
5428,Career
5429,Tools
5430,Misc
5431,Tools
5432,Tools
5433,Techniques
5434,Techniques
5435,Career
5436,Tools
5437,Resources
5438,Career
5439,Techniques
5440,Other
5441,Techniques
5442,Tools
5443,Techniques
5444,Techniques
5445,Techniques
5446,Tools
5447,Techniques
5448,Techniques
5449,Techniques
5450,Techniques
5451,Hackathons
5452,Hackathons
5453,Techniques
5454,Tools
5455,Tools
5456,Career
5457,Techniques
5458,Techniques
5459,Resources
5460,Career
5461,Career
5462,Tools
5463,Career
5464,Techniques
5465,Career
5466,Tools
5467,Tools
5468,Techniques
5469,Career
5470,Techniques
5471,Career
5472,Resources
5473,Techniques
5474,Resources
5475,Techniques
5476,Techniques
5477,Techniques
5478,Career
5479,Tools
5480,Techniques
5481,Career
5482,Career
5483,Career
5484,Techniques
5485,Techniques
5486,Career
5487,Techniques
5488,Career
5489,Tools
5490,Techniques
5491,Techniques
5492,Techniques
5493,Techniques
5494,Tools
